,"kpoints","HF*Energy","V2RDM*Energy*No*Active","V2RDM*Energy*Active","MP2*Energy","CCSD*Energy","CCSD(T)*Energy"
"1",2,-2.101839159,-2.198226422,-2.155350622,-2.152392968,-2.171608211,-2.174425693
"2",3,-2.125394884,-2.218960969,-2.183350679,-2.174968384,-2.192443439,-2.194556664
"3",4,-2.132473729,-2.224735808,-2.182151538,-2.182007277,-2.198888759,-2.201011903
"4",5,-2.135288449,-2.22670049,-2.18840271,-2.184951829,-2.201490113,-2.203729096
"5",6,-2.136591215,-2.227374639,-2.191673409,-2.18639358,-2.202708803,-2.205063423
"6",7,-2.137252466,-2.227539824,-2.187910154,-2.187165684,-2.203335895,-2.205787093
"7",8,-2.137608484,-2.227504798,-2.189876778,-2.187599424,-2.203679514,-2.2062070511392466
