,"kpoints","HF*Energy","V2RDM*Energy","MP2*Energy","CCSD*Energy","CCSD(T)*Energy"
"1",2,-2.107320586,-2.188003702,-2.182061423,-2.202933408,-2.206007316
"2",3,-2.130433014,-2.215613119,-2.207398622,-2.225809694,-2.228872151
"3",4,-2.137366554,-2.221046368,-2.215735136,-2.232953062,-2.236289026
"4",5,-2.140116709,-2.22360702,-2.219450784,-2.235904578,-2.239477398
"5",6,-2.141385433,-2.224954199,-2.221407117,-2.237332534,-2.241086708
"6",7,-2.142026768,-2.225569934,-2.22254622,-2.238096173,-2.241986823
"7",8,-2.142369735,-2.225610838,-2.223252619,-2.238533328,-2.242526883
